id,numero_contenedor,%_llenado,altura,ancho
1,1,74.2,1,2
2,2,58.9,1,2
3,3,82.5,1,2
4,4,41.3,1,2
5,5,67.8,1,2
6,6,93.2,1,2
7,7,55.6,1,2
8,8,78.9,1,2
9,9,86.4,1,2
10,10,62.7,1,2
11,11,95.2,1,2
12,12,73.5,1,2
13,13,88.7,1,2
14,14,51.6,1,2
15,15,64.8,1,2
16,16,79.3,1,2
17,17,42.9,1,2
18,18,57.1,1,2
19,19,92.6,1,2
20,20,68.4,1,2
21,21,85.2,1,2
22,22,72.1,1,2
23,23,61.3,1,2
24,24,77.4,1,2
25,25,53.8,1,2
26,26,69.7,1,2
27,27,94.6,1,2
28,28,84.5,1,2
29,29,63.2,1,2
30,30,81.9,1,2
31,31,46.7,1,2
32,32,59.4,1,2
33,33,89.1,1,2
34,34,70.3,1,2
35,35,75.6,1,2
36,36,47.8,1,2
37,37,65.2,1,2
38,38,93.7,1,2
39,39,83.4,1,2
40,40,58.1,1,2
41,41,71.9,1,2
42,42,87.3,1,2
43,43,52.4,1,2
44,44,60.5,1,2
45,45,95.8,1,2
46,46,76.2,1,2
47,47,49.3,1,2
48,48,67.1,1,2
49,49,90.6,1,2
50,50,80.3,1,2
51,51,74.2,1,2
52,52,58.9,1,2
53,53,82.5,1,2
54,54,41.3,1,2
55,55,67.8,1,2
56,56,93.2,1,2
57,57,55.6,1,2
58,58,78.9,1,2
59,59,86.4,1,2
60,60,62.7,1,2
61,61,95.2,1,2
62,62,73.5,1,2
63,63,88.7,1,2
64,64,51.6,1,2
65,65,64.8,1,2
66,66,79.3,1,2
67,67,42.9,1,2
68,68,57.1,1,2
69,69,92.6,1,2
70,70,68.4,1,2
71,71,85.2,1,2
72,72,72.1,1,2
73,73,61.3,1,2
74,74,77.4,1,2
75,75,53.8,1,2
76,76,69.7,1,2
77,77,94.6,1,2
78,78,84.5,1,2
79,79,63.2,1,2
80,80,81.9,1,2
81,81,46.7,1,2
82,82,59.4,1,2
83,83,89.1,1,2
84,84,70.3,1,2
85,85,75.6,1,2
86,86,47.8,1,2
87,87,65.2,1,2
88,88,93.7,1,2
89,89,83.4,1,2
90,90,58.1,1,2
91,91,71.9,1,2
92,92,87.3,1,2
93,93,52.4,1,2
94,94,60.5,1,2
95,95,95.8,1,2
96,96,76.2,1,2
97,97,49.3,1,2
98,98,67.1,1,2
99,99,90.6,1,2
100,100,80.3,1,2
101,101,74.2,1,2
102,102,58.9,1,2
103,103,82.5,1,2
104,104,41.3,1,2
105,105,67.8,1,2
106,106,83.2,1,2
107,107,67.9,1,2
108,108,54.5,1,2
109,109,72.8,1,2
110,110,91.7,1,2
111,111,63.4,1,2
112,112,48.6,1,2
113,113,76.9,1,2
114,114,88.3,1,2
115,115,59.2,1,2
116,116,85.6,1,2
117,117,70.1,1,2
118,118,46.8,1,2
119,119,78.5,1,2
120,120,93.1,1,2
121,121,52.7,1,2
122,122,64.9,1,2
123,123,81.3,1,2
124,124,49.5,1,2
125,125,77.2,1,2
126,126,94.6,1,2
127,127,57.8,1,2
128,128,69.2,1,2
129,129,84.7,1,2
130,130,61.4,1,2
131,131,53.9,1,2
132,132,73.6,1,2
133,133,89.8,1,2
134,134,68.4,1,2
135,135,56.1,1,2
136,136,74.7,1,2
137,137,92.5,1,2
138,138,65.3,1,2
139,139,47.2,1,2
140,140,79.8,1,2
141,141,95.3,1,2
142,142,58.4,1,2
143,143,71.6,1,2
144,144,86.9,1,2
145,145,60.3,1,2
146,146,50.7,1,2
147,147,77.1,1,2
148,148,94.2,1,2
149,149,63.8,1,2
150,150,55.4,1,2
151,151,82.9,1,2
152,152,69.5,1,2
153,153,48.1,1,2
154,154,75.9,1,2
155,155,91.4,1,2
156,156,94.6,1,2
157,157,84.5,1,2
158,158,63.2,1,2
159,159,81.9,1,2
160,160,46.7,1,2
161,161,59.4,1,2
162,162,89.1,1,2
163,163,70.3,1,2
164,164,75.6,1,2
165,165,47.8,1,2
166,166,65.2,1,2
167,167,93.7,1,2
168,168,83.4,1,2
169,169,58.1,1,2
170,170,71.9,1,2
171,171,87.3,1,2
172,172,52.4,1,2
173,173,60.5,1,2
174,174,95.8,1,2
175,175,76.2,1,2
176,176,49.3,1,2
177,177,67.1,1,2
178,178,90.6,1,2
179,179,80.3,1,2
180,180,74.2,1,2
181,181,58.9,1,2
182,182,82.5,1,2
183,183,41.3,1,2
184,184,67.8,1,2
185,185,83.2,1,2
186,186,67.9,1,2
187,187,54.5,1,2
188,188,72.8,1,2
189,189,91.7,1,2
190,190,63.4,1,2
191,191,48.6,1,2
192,192,76.9,1,2
193,193,88.3,1,2
194,194,59.2,1,2
195,195,85.6,1,2
196,196,70.1,1,2
197,197,46.8,1,2
198,198,78.5,1,2
199,199,93.1,1,2
200,200,52.7,1,2
201,201,64.9,1,2
202,202,81.3,1,2
203,203,49.5,1,2
204,204,77.2,1,2
205,205,94.6,1,2
206,206,57.8,1,2
207,207,69.2,1,2
208,208,84.7,1,2
209,209,61.4,1,2
210,210,53.9,1,2
211,211,73.6,1,2
212,212,89.8,1,2
213,213,68.4,1,2
214,214,56.1,1,2
215,215,74.7,1,2
216,216,92.5,1,2
217,217,65.3,1,2
218,218,47.2,1,2
219,219,79.8,1,2
220,220,95.3,1,2
221,221,58.4,1,2
222,222,71.6,1,2
223,223,86.9,1,2
224,224,60.3,1,2
225,225,50.7,1,2
226,226,77.1,1,2
227,227,94.2,1,2
228,228,63.8,1,2
229,229,55.4,1,2
230,230,82.9,1,2
231,231,69.5,1,2
232,232,48.1,1,2
233,233,75.9,1,2
234,234,91.4,1,2
235,235,94.6,1,2
236,236,84.5,1,2
237,237,63.2,1,2
238,238,81.9,1,2
239,239,46.7,1,2
240,240,59.4,1,2
241,241,89.1,1,2
242,242,70.3,1,2
243,243,75.6,1,2
244,244,47.8,1,2
245,245,65.2,1,2
246,246,93.7,1,2
247,247,83.4,1,2
248,248,58.1,1,2
249,249,71.9,1,2
250,250,87.3,1,2
251,251,52.4,1,2
252,252,60.5,1,2
253,253,95.8,1,2
254,254,76.2,1,2
255,255,49.3,1,2
256,256,67.1,1,2
257,257,90.6,1,2
258,258,80.3,1,2
259,259,74.2,1,2
260,260,58.9,1,2
261,261,82.5,1,2
262,262,41.3,1,2
263,263,67.8,1,2
264,264,83.2,1,2
265,265,67.9,1,2
266,266,54.5,1,2
267,267,72.8,1,2
268,268,91.7,1,2
269,269,63.4,1,2
270,270,48.6,1,2
271,271,76.9,1,2
272,272,88.3,1,2
273,273,59.2,1,2
274,274,85.6,1,2
275,275,70.1,1,2
276,276,46.8,1,2
277,277,78.5,1,2
278,278,93.1,1,2
279,279,52.7,1,2
280,280,64.9,1,2
281,281,81.3,1,2
282,282,49.5,1,2
283,283,77.2,1,2
284,284,94.6,1,2
285,285,57.8,1,2
286,286,69.2,1,2
287,287,84.7,1,2
288,288,61.4,1,2
289,289,53.9,1,2
290,290,73.6,1,2
291,291,89.8,1,2
292,292,68.4,1,2
293,293,56.1,1,2
294,294,74.7,1,2
295,295,92.5,1,2
296,296,65.3,1,2
297,297,47.2,1,2
298,298,79.8,1,2
299,299,95.3,1,2
300,300,58.4,1,2
301,301,71.6,1,2
302,302,86.9,1,2
303,303,60.3,1,2
304,304,50.7,1,2
305,305,77.1,1,2
306,306,94.2,1,2
307,307,63.8,1,2
308,308,55.4,1,2
309,309,82.9,1,2
310,310,69.5,1,2
311,311,48.1,1,2
312,312,75.9,1,2
313,313,91.4,1,2
314,314,94.6,1,2
315,315,84.5,1,2
316,316,63.2,1,2
317,317,81.9,1,2
318,318,46.7,1,2
319,319,59.4,1,2
320,320,89.1,1,2
321,321,70.3,1,2
322,322,75.6,1,2
323,323,47.8,1,2
324,324,65.2,1,2
325,325,93.7,1,2
326,326,83.4,1,2
327,327,58.1,1,2
328,328,71.9,1,2
329,329,87.3,1,2
330,330,52.4,1,2
331,331,60.5,1,2
332,332,95.8,1,2
333,333,76.2,1,2
334,334,49.3,1,2
335,335,67.1,1,2
336,336,90.6,1,2
337,337,80.3,1,2
338,338,74.2,1,2
339,339,58.9,1,2
340,340,82.5,1,2
341,341,41.3,1,2
342,342,67.8,1,2
343,343,83.2,1,2
344,344,67.9,1,2
345,345,54.5,1,2
346,346,72.8,1,2
347,347,91.7,1,2
348,348,63.4,1,2
349,349,48.6,1,2
350,350,76.9,1,2
351,351,88.3,1,2
352,352,59.2,1,2
353,353,85.6,1,2
354,354,70.1,1,2
355,355,46.8,1,2
356,356,78.5,1,2
357,357,93.1,1,2
358,358,52.7,1,2
359,359,64.9,1,2
360,360,81.3,1,2
361,361,49.5,1,2
362,362,77.2,1,2
363,363,94.6,1,2
364,364,57.8,1,2
365,365,69.2,1,2
366,366,84.7,1,2
367,367,61.4,1,2
368,368,53.9,1,2
369,369,73.6,1,2
370,370,89.8,1,2
371,371,68.4,1,2
372,372,56.1,1,2
373,373,74.7,1,2
374,374,92.5,1,2
375,375,65.3,1,2
376,376,47.2,1,2
377,377,79.8,1,2
378,378,95.3,1,2
379,379,58.4,1,2
380,380,71.6,1,2
381,381,86.9,1,2
382,382,60.3,1,2
383,383,50.7,1,2
384,384,77.1,1,2
385,385,94.2,1,2
386,386,63.8,1,2
387,387,55.4,1,2
388,388,82.9,1,2
389,389,69.5,1,2
390,390,48.1,1,2
391,391,75.9,1,2
392,392,91.4,1,2
393,393,94.6,1,2
394,394,84.5,1,2
395,395,63.2,1,2
396,396,81.9,1,2
397,397,46.7,1,2
398,398,59.4,1,2
399,399,89.1,1,2
400,400,70.3,1,2
401,401,75.6,1,2
402,402,47.8,1,2
403,403,65.2,1,2
404,404,93.7,1,2
405,405,83.4,1,2
406,406,58.1,1,2
407,407,71.9,1,2
408,408,87.3,1,2
409,409,52.4,1,2
410,410,60.5,1,2
411,411,95.8,1,2
412,412,76.2,1,2
413,413,49.3,1,2
414,414,67.1,1,2
415,415,90.6,1,2
416,416,80.3,1,2
417,417,74.2,1,2
418,418,58.9,1,2
419,419,82.5,1,2
420,420,41.3,1,2
421,421,67.8,1,2
422,422,83.2,1,2
423,423,67.9,1,2
424,424,54.5,1,2
425,425,72.8,1,2
426,426,91.7,1,2
427,427,63.4,1,2
428,428,48.6,1,2
429,429,76.9,1,2
430,430,88.3,1,2
431,431,59.2,1,2
432,432,85.6,1,2
433,433,70.1,1,2
434,434,46.8,1,2
435,435,78.5,1,2
436,436,93.1,1,2
437,437,52.7,1,2
438,438,64.9,1,2
439,439,81.3,1,2
440,440,49.5,1,2
441,441,77.2,1,2
442,442,94.6,1,2
443,443,57.8,1,2
444,444,69.2,1,2
445,445,84.7,1,2
446,446,61.4,1,2
447,447,53.9,1,2
448,448,73.6,1,2
449,449,89.8,1,2
450,450,68.4,1,2
451,451,56.1,1,2
452,452,74.7,1,2
453,453,92.5,1,2
454,454,65.3,1,2
455,455,47.2,1,2
456,456,79.8,1,2
457,457,95.3,1,2
458,458,58.4,1,2
459,459,71.6,1,2
460,460,86.9,1,2
461,461,60.3,1,2
462,462,50.7,1,2
463,463,77.1,1,2
464,464,94.2,1,2
465,465,63.8,1,2
466,466,55.4,1,2
467,467,82.9,1,2
468,468,69.5,1,2
469,469,48.1,1,2
470,470,75.9,1,2
471,471,91.4,1,2
472,472,41.3,1,2
473,473,67.8,1,2
474,474,93.2,1,2
475,475,55.6,1,2
476,476,78.9,1,2
477,477,86.4,1,2
478,478,62.7,1,2
479,479,95.2,1,2
480,480,73.5,1,2
481,481,88.7,1,2
482,482,51.6,1,2
483,483,64.8,1,2
484,484,79.3,1,2
485,485,42.9,1,2
486,486,57.1,1,2
487,487,92.6,1,2
488,488,68.4,1,2
489,489,85.2,1,2
490,490,72.1,1,2
491,491,61.3,1,2
492,492,77.4,1,2
493,493,53.8,1,2
494,494,69.7,1,2
495,495,94.6,1,2
496,496,84.5,1,2
497,497,63.2,1,2
498,498,81.9,1,2
499,499,46.7,1,2
500,500,59.4,1,2
501,501,89.1,1,2
502,502,70.3,1,2
503,503,75.6,1,2
504,504,47.8,1,2
505,505,65.2,1,2
506,506,93.7,1,2
507,507,83.4,1,2
508,508,58.1,1,2
509,509,71.9,1,2
510,510,87.3,1,2
511,511,52.4,1,2
512,512,60.5,1,2
513,513,95.8,1,2
514,514,76.2,1,2
515,515,49.3,1,2
516,516,67.1,1,2
517,517,90.6,1,2
518,518,80.3,1,2
519,519,74.2,1,2
520,520,58.9,1,2
521,521,82.5,1,2
522,522,41.3,1,2
523,523,67.8,1,2
524,524,93.2,1,2
525,525,55.6,1,2
526,526,78.9,1,2
527,527,86.4,1,2
528,528,62.7,1,2
529,529,95.2,1,2
530,530,73.5,1,2
531,531,88.7,1,2
532,532,51.6,1,2
533,533,64.8,1,2
534,534,79.3,1,2
535,535,42.9,1,2
536,536,57.1,1,2
537,537,92.6,1,2
538,538,68.4,1,2
539,539,85.2,1,2
540,540,72.1,1,2
541,541,61.3,1,2
542,542,77.4,1,2
543,543,53.8,1,2
544,544,69.7,1,2
545,545,94.6,1,2
546,546,84.5,1,2
547,547,63.2,1,2
548,548,81.9,1,2
549,549,46.7,1,2
550,550,59.4,1,2
551,551,89.1,1,2
552,552,70.3,1,2
553,553,75.6,1,2
554,554,47.8,1,2
555,555,65.2,1,2
556,556,93.7,1,2
557,557,83.4,1,2
558,558,58.1,1,2
559,559,71.9,1,2
560,560,87.3,1,2
561,561,52.4,1,2
562,562,60.5,1,2
563,563,95.8,1,2
564,564,76.2,1,2
565,565,49.3,1,2
566,566,67.1,1,2
567,567,90.6,1,2
568,568,80.3,1,2
569,569,74.2,1,2
570,570,58.9,1,2
571,571,82.5,1,2
572,572,41.3,1,2
573,573,67.8,1,2
574,574,83.2,1,2
575,575,67.9,1,2
576,576,54.5,1,2
577,577,72.8,1,2
578,578,91.7,1,2
579,579,63.4,1,2
580,580,48.6,1,2
581,581,76.9,1,2
582,582,88.3,1,2
583,583,59.2,1,2
584,584,85.6,1,2
585,585,70.1,1,2
586,586,46.8,1,2
587,587,78.5,1,2
588,588,93.1,1,2
589,589,52.7,1,2
590,590,64.9,1,2
591,591,81.3,1,2
592,592,49.5,1,2
593,593,77.2,1,2
594,594,94.6,1,2
595,595,57.8,1,2
596,596,69.2,1,2
597,597,84.7,1,2
598,598,61.4,1,2
599,599,53.9,1,2
600,600,73.6,1,2
601,601,89.8,1,2
602,602,68.4,1,2
603,603,56.1,1,2
604,604,74.7,1,2
605,605,92.5,1,2
606,606,65.3,1,2
607,607,47.2,1,2
608,608,79.8,1,2
609,609,95.3,1,2
610,610,58.4,1,2
611,611,71.6,1,2
612,612,86.9,1,2
613,613,60.3,1,2
614,614,50.7,1,2
615,615,77.1,1,2
616,616,94.2,1,2
617,617,63.8,1,2
618,618,55.4,1,2
619,619,82.9,1,2
620,620,69.5,1,2
621,621,48.1,1,2
622,622,75.9,1,2
623,623,91.4,1,2
624,624,94.6,1,2
625,625,84.5,1,2
626,626,63.2,1,2
627,627,81.9,1,2
628,628,46.7,1,2
629,629,59.4,1,2
630,630,89.1,1,2
631,631,70.3,1,2
632,632,75.6,1,2
633,633,47.8,1,2
634,634,65.2,1,2
635,635,93.7,1,2
636,636,83.4,1,2
637,637,58.1,1,2
638,638,71.9,1,2
639,639,87.3,1,2
640,640,52.4,1,2
641,641,60.5,1,2
642,642,95.8,1,2
643,643,76.2,1,2
644,644,49.3,1,2
645,645,67.1,1,2
646,646,90.6,1,2
647,647,80.3,1,2
648,648,74.2,1,2
649,649,58.9,1,2
650,650,82.5,1,2
651,651,41.3,1,2
652,652,67.8,1,2
653,653,83.2,1,2
654,654,67.9,1,2
655,655,54.5,1,2
656,656,72.8,1,2
657,657,91.7,1,2
658,658,63.4,1,2
659,659,48.6,1,2
660,660,76.9,1,2
661,661,88.3,1,2
662,662,59.2,1,2
663,663,85.6,1,2
664,664,70.1,1,2
665,665,46.8,1,2
666,666,78.5,1,2
667,667,93.1,1,2
668,668,52.7,1,2
669,669,64.9,1,2
670,670,81.3,1,2
671,671,49.5,1,2
672,672,77.2,1,2
673,673,94.6,1,2
674,674,57.8,1,2
675,675,69.2,1,2
676,676,84.7,1,2
677,677,61.4,1,2
678,678,53.9,1,2
679,679,73.6,1,2
680,680,89.8,1,2
681,681,68.4,1,2
682,682,56.1,1,2
683,683,74.7,1,2
684,684,92.5,1,2
685,685,65.3,1,2
686,686,47.2,1,2
687,687,79.8,1,2
688,688,95.3,1,2
689,689,58.4,1,2
690,690,71.6,1,2
691,691,86.9,1,2
692,692,60.3,1,2
693,693,50.7,1,2
694,694,77.1,1,2
695,695,94.2,1,2
696,696,63.8,1,2
697,697,55.4,1,2
698,698,82.9,1,2
699,699,69.5,1,2
700,700,48.1,1,2
701,701,75.9,1,2
702,702,91.4,1,2
703,703,94.6,1,2
704,704,84.5,1,2
705,705,63.2,1,2
706,706,81.9,1,2
707,707,46.7,1,2
708,708,59.4,1,2
709,709,89.1,1,2
710,710,70.3,1,2
711,711,75.6,1,2
712,712,47.8,1,2
713,713,65.2,1,2
714,714,93.7,1,2
715,715,83.4,1,2
716,716,58.1,1,2
717,717,71.9,1,2
718,718,87.3,1,2
719,719,52.4,1,2
720,720,60.5,1,2
721,721,95.8,1,2
722,722,76.2,1,2
723,723,49.3,1,2
724,724,67.1,1,2
725,725,90.6,1,2
726,726,80.3,1,2
727,727,74.2,1,2
728,728,58.9,1,2
729,729,82.5,1,2
730,730,41.3,1,2
731,731,67.8,1,2
732,732,83.2,1,2
733,733,67.9,1,2
734,734,54.5,1,2
735,735,72.8,1,2
736,736,91.7,1,2
737,737,63.4,1,2
738,738,48.6,1,2
739,739,76.9,1,2
740,740,88.3,1,2
741,741,59.2,1,2
742,742,85.6,1,2
743,743,70.1,1,2
744,744,46.8,1,2
745,745,78.5,1,2
746,746,93.1,1,2
747,747,52.7,1,2
748,748,64.9,1,2
749,749,81.3,1,2
750,750,49.5,1,2
751,751,77.2,1,2
752,752,94.6,1,2
753,753,57.8,1,2
754,754,69.2,1,2
755,755,84.7,1,2
756,756,61.4,1,2
757,757,53.9,1,2
758,758,73.6,1,2
759,759,89.8,1,2
760,760,68.4,1,2
761,761,56.1,1,2
762,762,74.7,1,2
763,763,92.5,1,2
764,764,65.3,1,2
765,765,47.2,1,2
766,766,79.8,1,2
767,767,95.3,1,2
768,768,58.4,1,2
769,769,71.6,1,2
770,770,86.9,1,2
771,771,60.3,1,2
772,772,50.7,1,2
773,773,77.1,1,2
774,774,94.2,1,2
775,775,63.8,1,2
776,776,55.4,1,2
777,777,82.9,1,2
778,778,69.5,1,2
779,779,48.1,1,2
780,780,75.9,1,2
781,781,91.4,1,2
782,782,94.6,1,2
783,783,84.5,1,2
784,784,63.2,1,2
785,785,81.9,1,2
786,786,46.7,1,2
787,787,59.4,1,2
788,788,89.1,1,2
789,789,70.3,1,2
790,790,75.6,1,2
791,791,47.8,1,2
792,792,65.2,1,2
793,793,93.7,1,2
794,794,83.4,1,2
795,795,58.1,1,2
796,796,71.9,1,2
797,797,87.3,1,2
798,798,52.4,1,2
799,799,60.5,1,2
800,800,95.8,1,2
801,801,76.2,1,2
802,802,49.3,1,2
803,803,67.1,1,2
804,804,90.6,1,2
805,805,80.3,1,2
806,806,74.2,1,2
807,807,58.9,1,2
808,808,82.5,1,2
809,809,41.3,1,2
810,810,67.8,1,2
811,811,83.2,1,2
812,812,67.9,1,2
813,813,54.5,1,2
814,814,72.8,1,2
815,815,91.7,1,2
816,816,63.4,1,2
817,817,48.6,1,2
818,818,76.9,1,2
819,819,88.3,1,2
820,820,59.2,1,2
821,821,85.6,1,2
822,822,70.1,1,2
823,823,46.8,1,2
824,824,78.5,1,2
825,825,93.1,1,2
826,826,52.7,1,2
827,827,64.9,1,2
828,828,81.3,1,2
829,829,49.5,1,2
830,830,77.2,1,2
831,831,94.6,1,2
832,832,57.8,1,2
833,833,69.2,1,2
834,834,84.7,1,2
835,835,61.4,1,2
836,836,53.9,1,2
837,837,73.6,1,2
838,838,89.8,1,2
839,839,68.4,1,2
840,840,56.1,1,2
841,841,74.7,1,2
842,842,92.5,1,2
843,843,65.3,1,2
844,844,47.2,1,2
845,845,79.8,1,2
846,846,95.3,1,2
847,847,58.4,1,2
848,848,71.6,1,2
849,849,86.9,1,2
850,850,60.3,1,2
851,851,50.7,1,2
852,852,77.1,1,2
853,853,94.2,1,2
854,854,63.8,1,2
855,855,55.4,1,2
856,856,82.9,1,2
857,857,69.5,1,2
858,858,48.1,1,2
859,859,75.9,1,2
860,860,91.4,1,2
861,861,94.6,1,2
862,862,84.5,1,2
863,863,63.2,1,2
864,864,81.9,1,2
865,865,46.7,1,2
866,866,59.4,1,2
867,867,89.1,1,2
868,868,70.3,1,2
869,869,75.6,1,2
870,870,47.8,1,2
871,871,65.2,1,2
872,872,93.7,1,2
873,873,83.4,1,2
874,874,58.1,1,2
875,875,71.9,1,2
876,876,87.3,1,2
877,877,52.4,1,2
878,878,60.5,1,2
879,879,95.8,1,2
880,880,76.2,1,2
881,881,49.3,1,2
882,882,67.1,1,2
883,883,90.6,1,2
884,884,80.3,1,2
885,885,74.2,1,2
886,886,58.9,1,2
887,887,82.5,1,2
888,888,41.3,1,2
889,889,67.8,1,2
890,890,93.2,1,2
891,891,55.6,1,2
892,892,78.9,1,2
893,893,86.4,1,2
894,894,62.7,1,2
895,895,95.2,1,2
896,896,73.5,1,2
897,897,88.7,1,2
898,898,51.6,1,2
899,899,64.8,1,2
900,900,79.3,1,2
901,901,42.9,1,2
902,902,57.1,1,2
903,903,92.6,1,2
904,904,68.4,1,2
905,905,85.2,1,2
906,906,72.1,1,2
907,907,61.3,1,2
908,908,77.4,1,2
909,909,53.8,1,2
910,910,69.7,1,2
911,911,94.6,1,2
912,912,84.5,1,2
913,913,63.2,1,2
914,914,81.9,1,2
915,915,46.7,1,2
916,916,59.4,1,2
917,917,89.1,1,2
918,918,70.3,1,2
919,919,75.6,1,2
920,920,47.8,1,2
921,921,65.2,1,2
922,922,93.7,1,2
923,923,83.4,1,2
924,924,58.1,1,2
925,925,71.9,1,2
926,926,87.3,1,2
927,927,52.4,1,2
928,928,60.5,1,2
929,929,95.8,1,2
930,930,76.2,1,2
931,931,49.3,1,2
932,932,67.1,1,2
933,933,90.6,1,2
934,934,80.3,1,2
935,935,74.2,1,2
936,936,58.9,1,2
937,937,82.5,1,2
938,938,41.3,1,2
939,939,67.8,1,2
940,940,93.2,1,2
941,941,55.6,1,2
942,942,78.9,1,2
943,943,86.4,1,2
944,944,62.7,1,2
945,945,95.2,1,2
946,946,73.5,1,2
947,947,88.7,1,2
948,948,51.6,1,2
949,949,64.8,1,2
950,950,79.3,1,2
951,951,42.9,1,2
952,952,57.1,1,2
953,953,92.6,1,2
954,954,68.4,1,2
955,955,85.2,1,2
956,956,72.1,1,2
957,957,61.3,1,2
958,958,77.4,1,2
959,959,53.8,1,2
960,960,69.7,1,2
961,961,94.6,1,2
962,962,84.5,1,2
963,963,63.2,1,2
964,964,81.9,1,2
965,965,46.7,1,2
966,966,59.4,1,2
967,967,89.1,1,2
968,968,70.3,1,2
969,969,75.6,1,2
970,970,47.8,1,2
971,971,65.2,1,2
972,972,93.7,1,2
973,973,83.4,1,2
974,974,58.1,1,2
975,975,71.9,1,2
976,976,87.3,1,2
977,977,52.4,1,2
978,978,60.5,1,2
979,979,95.8,1,2
980,980,76.2,1,2
981,981,49.3,1,2
982,982,67.1,1,2
983,983,90.6,1,2
984,984,80.3,1,2
985,985,74.2,1,2
986,986,58.9,1,2
987,987,82.5,1,2
988,988,41.3,1,2
989,989,67.8,1,2
990,990,83.2,1,2
991,991,67.9,1,2
992,992,54.5,1,2
993,993,72.8,1,2
994,994,91.7,1,2
995,995,63.4,1,2
996,996,48.6,1,2
997,997,76.9,1,2
998,998,88.3,1,2
999,999,59.2,1,2
1000,1000,85.6,1,2
1001,1001,70.1,1,2
1002,1002,46.8,1,2
1003,1003,78.5,1,2
1004,1004,93.1,1,2
1005,1005,52.7,1,2
1006,1006,64.9,1,2
1007,1007,81.3,1,2
1008,1008,49.5,1,2
1009,1009,77.2,1,2
1010,1010,94.6,1,2
1011,1011,57.8,1,2
1012,1012,69.2,1,2
1013,1013,84.7,1,2
1014,1014,61.4,1,2
1015,1015,53.9,1,2
1016,1016,73.6,1,2
1017,1017,89.8,1,2
1018,1018,68.4,1,2
1019,1019,56.1,1,2
1020,1020,74.7,1,2
1021,1021,92.5,1,2
1022,1022,65.3,1,2
1023,1023,47.2,1,2
1024,1024,79.8,1,2
1025,1025,95.3,1,2
1026,1026,58.4,1,2
1027,1027,71.6,1,2
1028,1028,86.9,1,2
1029,1029,60.3,1,2
1030,1030,50.7,1,2
1031,1031,77.1,1,2
1032,1032,94.2,1,2
1033,1033,63.8,1,2
1034,1034,55.4,1,2
1035,1035,82.9,1,2
1036,1036,69.5,1,2
1037,1037,48.1,1,2
1038,1038,75.9,1,2
1039,1039,91.4,1,2
1040,1040,94.6,1,2
1041,1041,84.5,1,2
1042,1042,63.2,1,2
1043,1043,81.9,1,2
1044,1044,46.7,1,2
1045,1045,59.4,1,2
1046,1046,89.1,1,2
1047,1047,70.3,1,2
1048,1048,75.6,1,2
1049,1049,47.8,1,2
1050,1050,65.2,1,2
1051,1051,93.7,1,2
1052,1052,83.4,1,2
1053,1053,58.1,1,2
1054,1054,71.9,1,2
1055,1055,87.3,1,2
1056,1056,52.4,1,2
1057,1057,60.5,1,2
1058,1058,95.8,1,2
1059,1059,76.2,1,2
1060,1060,49.3,1,2
1061,1061,67.1,1,2
1062,1062,90.6,1,2
1063,1063,80.3,1,2
1064,1064,74.2,1,2
1065,1065,58.9,1,2
1066,1066,82.5,1,2
1067,1067,41.3,1,2
1068,1068,67.8,1,2
1069,1069,83.2,1,2
1070,1070,67.9,1,2
1071,1071,54.5,1,2
1072,1072,72.8,1,2
1073,1073,91.7,1,2
1074,1074,63.4,1,2
1075,1075,48.6,1,2
1076,1076,76.9,1,2
1077,1077,88.3,1,2
1078,1078,59.2,1,2
1079,1079,85.6,1,2
1080,1080,70.1,1,2
1081,1081,46.8,1,2
1082,1082,78.5,1,2
1083,1083,93.1,1,2
1084,1084,52.7,1,2
1085,1085,64.9,1,2
1086,1086,81.3,1,2
1087,1087,49.5,1,2
1088,1088,77.2,1,2
1089,1089,94.6,1,2
1090,1090,57.8,1,2
1091,1091,69.2,1,2
1092,1092,84.7,1,2
1093,1093,61.4,1,2
1094,1094,53.9,1,2
1095,1095,73.6,1,2
1096,1096,89.8,1,2
1097,1097,68.4,1,2
1098,1098,56.1,1,2
1099,1099,74.7,1,2
1100,1100,92.5,1,2
1101,1101,65.3,1,2
1102,1102,47.2,1,2
1103,1103,79.8,1,2
1104,1104,95.3,1,2
1105,1105,58.4,1,2
1106,1106,71.6,1,2
1107,1107,86.9,1,2
1108,1108,60.3,1,2
1109,1109,50.7,1,2
1110,1110,77.1,1,2
1111,1111,94.2,1,2
1112,1112,63.8,1,2
1113,1113,55.4,1,2
1114,1114,82.9,1,2
1115,1115,69.5,1,2
1116,1116,48.1,1,2
1117,1117,75.9,1,2
1118,1118,91.4,1,2
1119,1119,94.6,1,2
1120,1120,84.5,1,2
1121,1121,63.2,1,2
1122,1122,81.9,1,2
1123,1123,46.7,1,2
1124,1124,59.4,1,2
1125,1125,89.1,1,2
1126,1126,70.3,1,2
1127,1127,75.6,1,2
1128,1128,47.8,1,2
1129,1129,65.2,1,2
1130,1130,93.7,1,2
1131,1131,83.4,1,2
1132,1132,58.1,1,2
1133,1133,71.9,1,2
1134,1134,87.3,1,2
1135,1135,52.4,1,2
1136,1136,60.5,1,2
1137,1137,95.8,1,2
1138,1138,76.2,1,2
1139,1139,49.3,1,2
1140,1140,67.1,1,2
1141,1141,90.6,1,2
1142,1142,80.3,1,2
1143,1143,74.2,1,2
1144,1144,58.9,1,2
1145,1145,82.5,1,2
1146,1146,41.3,1,2
1147,1147,67.8,1,2
1148,1148,83.2,1,2
1149,1149,67.9,1,2
1150,1150,54.5,1,2
1151,1151,72.8,1,2
1152,1152,91.7,1,2
1153,1153,63.4,1,2
1154,1154,48.6,1,2
1155,1155,76.9,1,2
1156,1156,88.3,1,2
1157,1157,59.2,1,2
1158,1158,85.6,1,2
1159,1159,70.1,1,2
1160,1160,46.8,1,2
1161,1161,78.5,1,2
1162,1162,93.1,1,2
1163,1163,52.7,1,2
1164,1164,64.9,1,2
1165,1165,81.3,1,2
1166,1166,49.5,1,2
1167,1167,77.2,1,2
1168,1168,94.6,1,2
1169,1169,57.8,1,2
1170,1170,69.2,1,2
1171,1171,84.7,1,2
1172,1172,61.4,1,2
1173,1173,53.9,1,2
1174,1174,73.6,1,2
1175,1175,89.8,1,2
1176,1176,68.4,1,2
1177,1177,56.1,1,2
1178,1178,74.7,1,2
1179,1179,92.5,1,2
1180,1180,65.3,1,2
1181,1181,47.2,1,2
1182,1182,79.8,1,2
1183,1183,95.3,1,2
1184,1184,58.4,1,2
1185,1185,71.6,1,2
1186,1186,86.9,1,2
1187,1187,60.3,1,2
1188,1188,50.7,1,2
1189,1189,77.1,1,2
1190,1190,94.2,1,2
1191,1191,63.8,1,2
1192,1192,55.4,1,2
1193,1193,82.9,1,2
1194,1194,69.5,1,2
1195,1195,48.1,1,2
1196,1196,75.9,1,2
1197,1197,91.4,1,2
1198,1198,94.6,1,2
1199,1199,84.5,1,2
1200,1200,63.2,1,2
1201,1201,81.9,1,2
1202,1202,46.7,1,2
1203,1203,59.4,1,2
1204,1204,89.1,1,2
1205,1205,70.3,1,2
1206,1206,75.6,1,2
1207,1207,47.8,1,2
1208,1208,65.2,1,2
1209,1209,93.7,1,2
1210,1210,83.4,1,2
1211,1211,58.1,1,2
1212,1212,71.9,1,2
1213,1213,87.3,1,2
1214,1214,52.4,1,2
1215,1215,60.5,1,2
1216,1216,95.8,1,2
1217,1217,76.2,1,2
1218,1218,49.3,1,2
1219,1219,67.1,1,2
1220,1220,90.6,1,2
1221,1221,80.3,1,2
1222,1222,74.2,1,2
1223,1223,58.9,1,2
1224,1224,82.5,1,2
1225,1225,41.3,1,2
1226,1226,67.8,1,2
1227,1227,83.2,1,2
1228,1228,67.9,1,2
1229,1229,54.5,1,2
1230,1230,72.8,1,2
1231,1231,91.7,1,2
1232,1232,63.4,1,2
1233,1233,48.6,1,2
1234,1234,76.9,1,2
1235,1235,88.3,1,2
1236,1236,59.2,1,2
1237,1237,85.6,1,2
1238,1238,70.1,1,2
1239,1239,46.8,1,2
1240,1240,78.5,1,2
1241,1241,93.1,1,2
1242,1242,52.7,1,2
1243,1243,64.9,1,2
1244,1244,81.3,1,2
1245,1245,49.5,1,2
1246,1246,77.2,1,2
1247,1247,94.6,1,2
1248,1248,57.8,1,2
1249,1249,69.2,1,2
1250,1250,84.7,1,2
1251,1251,61.4,1,2
1252,1252,53.9,1,2
1253,1253,73.6,1,2
1254,1254,89.8,1,2
1255,1255,68.4,1,2
1256,1256,56.1,1,2
1257,1257,74.7,1,2
1258,1258,92.5,1,2
1259,1259,65.3,1,2
1260,1260,47.2,1,2
1261,1261,79.8,1,2
1262,1262,95.3,1,2
1263,1263,58.4,1,2
1264,1264,71.6,1,2
1265,1265,86.9,1,2
1266,1266,60.3,1,2
1267,1267,50.7,1,2
1268,1268,77.1,1,2
1269,1269,94.2,1,2
1270,1270,63.8,1,2
1271,1271,55.4,1,2
1272,1272,82.9,1,2
1273,1273,69.5,1,2
1274,1274,48.1,1,2
1275,1275,75.9,1,2
1276,1276,91.4,1,2
1277,1277,94.6,1,2
1278,1278,84.5,1,2
1279,1279,63.2,1,2
1280,1280,81.9,1,2
1281,1281,46.7,1,2
1282,1282,59.4,1,2
1283,1283,89.1,1,2
1284,1284,70.3,1,2
1285,1285,75.6,1,2
1286,1286,47.8,1,2
1287,1287,65.2,1,2
1288,1288,93.7,1,2
1289,1289,83.4,1,2
1290,1290,58.1,1,2
1291,1291,71.9,1,2
1292,1292,87.3,1,2
1293,1293,52.4,1,2
1294,1294,60.5,1,2
1295,1295,95.8,1,2
1296,1296,76.2,1,2
1297,1297,49.3,1,2
1298,1298,67.1,1,2
1299,1299,90.6,1,2
1300,1300,80.3,1,2
1301,1301,74.2,1,2
1302,1302,58.9,1,2
1303,1303,82.5,1,2
1304,1304,41.3,1,2
1305,1305,67.8,1,2
1306,1306,93.2,1,2
1307,1307,55.6,1,2
1308,1308,78.9,1,2
1309,1309,86.4,1,2
1310,1310,62.7,1,2
1311,1311,95.2,1,2
1312,1312,73.5,1,2
1313,1313,88.7,1,2
1314,1314,51.6,1,2
1315,1315,64.8,1,2
1316,1316,79.3,1,2
1317,1317,42.9,1,2
1318,1318,57.1,1,2
1319,1319,92.6,1,2
1320,1320,68.4,1,2
1321,1321,85.2,1,2
1322,1322,72.1,1,2
1323,1323,61.3,1,2
1324,1324,77.4,1,2
1325,1325,53.8,1,2
1326,1326,69.7,1,2
1327,1327,94.6,1,2
1328,1328,84.5,1,2
1329,1329,63.2,1,2
1330,1330,81.9,1,2
1331,1331,46.7,1,2
1332,1332,59.4,1,2
1333,1333,89.1,1,2
1334,1334,70.3,1,2
1335,1335,75.6,1,2
1336,1336,47.8,1,2
1337,1337,65.2,1,2
1338,1338,93.7,1,2
1339,1339,83.4,1,2
1340,1340,58.1,1,2
1341,1341,71.9,1,2
1342,1342,87.3,1,2
1343,1343,52.4,1,2
1344,1344,60.5,1,2
1345,1345,95.8,1,2
1346,1346,76.2,1,2
1347,1347,49.3,1,2
1348,1348,67.1,1,2
1349,1349,90.6,1,2
1350,1350,80.3,1,2
1351,1351,74.2,1,2
1352,1352,58.9,1,2
1353,1353,82.5,1,2
1354,1354,41.3,1,2
1355,1355,67.8,1,2
1356,1356,93.2,1,2
1357,1357,55.6,1,2
1358,1358,78.9,1,2
1359,1359,86.4,1,2
1360,1360,62.7,1,2
1361,1361,95.2,1,2
1362,1362,73.5,1,2
1363,1363,88.7,1,2
1364,1364,51.6,1,2
1365,1365,64.8,1,2
1366,1366,79.3,1,2
1367,1367,42.9,1,2
1368,1368,57.1,1,2
1369,1369,92.6,1,2
1370,1370,68.4,1,2
1371,1371,85.2,1,2
1372,1372,72.1,1,2
1373,1373,61.3,1,2
1374,1374,77.4,1,2
1375,1375,53.8,1,2
1376,1376,69.7,1,2
1377,1377,94.6,1,2
1378,1378,84.5,1,2
1379,1379,63.2,1,2
1380,1380,81.9,1,2
1381,1381,46.7,1,2
1382,1382,59.4,1,2
1383,1383,89.1,1,2
1384,1384,70.3,1,2
1385,1385,75.6,1,2
1386,1386,47.8,1,2
1387,1387,65.2,1,2
1388,1388,93.7,1,2
1389,1389,83.4,1,2
1390,1390,58.1,1,2
1391,1391,71.9,1,2
1392,1392,87.3,1,2
1393,1393,52.4,1,2
1394,1394,60.5,1,2
1395,1395,95.8,1,2
1396,1396,76.2,1,2
1397,1397,49.3,1,2
1398,1398,67.1,1,2
1399,1399,90.6,1,2
1400,1400,80.3,1,2
1401,1401,74.2,1,2
1402,1402,58.9,1,2
1403,1403,82.5,1,2
1404,1404,41.3,1,2
1405,1405,67.8,1,2
1406,1406,83.2,1,2
1407,1407,67.9,1,2
1408,1408,54.5,1,2
1409,1409,72.8,1,2
1410,1410,91.7,1,2
1411,1411,63.4,1,2
1412,1412,48.6,1,2
1413,1413,76.9,1,2
1414,1414,88.3,1,2
1415,1415,59.2,1,2
1416,1416,85.6,1,2
1417,1417,70.1,1,2
1418,1418,46.8,1,2
1419,1419,78.5,1,2
1420,1420,93.1,1,2
1421,1421,52.7,1,2
1422,1422,64.9,1,2
1423,1423,81.3,1,2
1424,1424,49.5,1,2
1425,1425,77.2,1,2
1426,1426,94.6,1,2
1427,1427,57.8,1,2
1428,1428,69.2,1,2
1429,1429,84.7,1,2
1430,1430,61.4,1,2
1431,1431,53.9,1,2
1432,1432,73.6,1,2
1433,1433,89.8,1,2
1434,1434,68.4,1,2
1435,1435,56.1,1,2
1436,1436,74.7,1,2
1437,1437,92.5,1,2
1438,1438,65.3,1,2
1439,1439,47.2,1,2
1440,1440,79.8,1,2
1441,1441,95.3,1,2
1442,1442,58.4,1,2
1443,1443,71.6,1,2
1444,1444,86.9,1,2
1445,1445,60.3,1,2
1446,1446,50.7,1,2
1447,1447,77.1,1,2
1448,1448,94.2,1,2
1449,1449,63.8,1,2
1450,1450,55.4,1,2
1451,1451,82.9,1,2
1452,1452,69.5,1,2
1453,1453,48.1,1,2
1454,1454,75.9,1,2
1455,1455,91.4,1,2
1456,1456,94.6,1,2
1457,1457,84.5,1,2
1458,1458,63.2,1,2
1459,1459,81.9,1,2
1460,1460,46.7,1,2
1461,1461,59.4,1,2
1462,1462,89.1,1,2
1463,1463,70.3,1,2
1464,1464,75.6,1,2
1465,1465,47.8,1,2
1466,1466,65.2,1,2
1467,1467,93.7,1,2
1468,1468,83.4,1,2
1469,1469,58.1,1,2
1470,1470,71.9,1,2
1471,1471,87.3,1,2
1472,1472,52.4,1,2
1473,1473,60.5,1,2
1474,1474,95.8,1,2
1475,1475,76.2,1,2
1476,1476,49.3,1,2
1477,1477,67.1,1,2
1478,1478,90.6,1,2
1479,1479,80.3,1,2
1480,1480,74.2,1,2
1481,1481,58.9,1,2
1482,1482,82.5,1,2
1483,1483,41.3,1,2
1484,1484,67.8,1,2
1485,1485,83.2,1,2
1486,1486,67.9,1,2
1487,1487,54.5,1,2
1488,1488,72.8,1,2
1489,1489,91.7,1,2
1490,1490,63.4,1,2
1491,1491,48.6,1,2
1492,1492,76.9,1,2
1493,1493,88.3,1,2
1494,1494,59.2,1,2
1495,1495,85.6,1,2
1496,1496,70.1,1,2
1497,1497,46.8,1,2
1498,1498,78.5,1,2
1499,1499,93.1,1,2
1500,1500,52.7,1,2
1501,1501,64.9,1,2
1502,1502,81.3,1,2
1503,1503,49.5,1,2
1504,1504,77.2,1,2
1505,1505,94.6,1,2
1506,1506,57.8,1,2
1507,1507,69.2,1,2
1508,1508,84.7,1,2
1509,1509,61.4,1,2
1510,1510,53.9,1,2
1511,1511,73.6,1,2
1512,1512,89.8,1,2
1513,1513,68.4,1,2
1514,1514,56.1,1,2
1515,1515,74.7,1,2
1516,1516,92.5,1,2
1517,1517,65.3,1,2
1518,1518,47.2,1,2
1519,1519,79.8,1,2
1520,1520,95.3,1,2
1521,1521,58.4,1,2
1522,1522,71.6,1,2
1523,1523,86.9,1,2
1524,1524,60.3,1,2
1525,1525,50.7,1,2
1526,1526,77.1,1,2
1527,1527,94.2,1,2
1528,1528,63.8,1,2
1529,1529,55.4,1,2
1530,1530,82.9,1,2
1531,1531,69.5,1,2
1532,1532,48.1,1,2
1533,1533,75.9,1,2
1534,1534,91.4,1,2
1535,1535,94.6,1,2
1536,1536,84.5,1,2
1537,1537,63.2,1,2
1538,1538,81.9,1,2
1539,1539,46.7,1,2
1540,1540,59.4,1,2
1541,1541,89.1,1,2
1542,1542,70.3,1,2
1543,1543,75.6,1,2
1544,1544,47.8,1,2
1545,1545,65.2,1,2
1546,1546,93.7,1,2
1547,1547,83.4,1,2
1548,1548,58.1,1,2
1549,1549,71.9,1,2
1550,1550,87.3,1,2
1551,1551,52.4,1,2
1552,1552,60.5,1,2
1553,1553,95.8,1,2
1554,1554,76.2,1,2
1555,1555,49.3,1,2
1556,1556,67.1,1,2
1557,1557,90.6,1,2
1558,1558,80.3,1,2
1559,1559,74.2,1,2
1560,1560,58.9,1,2
1561,1561,82.5,1,2
1562,1562,41.3,1,2
1563,1563,67.8,1,2
1564,1564,83.2,1,2
1565,1565,67.9,1,2
1566,1566,54.5,1,2
1567,1567,72.8,1,2
1568,1568,91.7,1,2
1569,1569,63.4,1,2
1570,1570,48.6,1,2
1571,1571,76.9,1,2
1572,1572,88.3,1,2
1573,1573,59.2,1,2
1574,1574,85.6,1,2
1575,1575,70.1,1,2
1576,1576,46.8,1,2
1577,1577,78.5,1,2
1578,1578,93.1,1,2
1579,1579,52.7,1,2
1580,1580,64.9,1,2
1581,1581,81.3,1,2
1582,1582,49.5,1,2
1583,1583,77.2,1,2
1584,1584,94.6,1,2
1585,1585,57.8,1,2
1586,1586,69.2,1,2
1587,1587,84.7,1,2
1588,1588,61.4,1,2
1589,1589,53.9,1,2
1590,1590,73.6,1,2
1591,1591,89.8,1,2
1592,1592,68.4,1,2
1593,1593,56.1,1,2
1594,1594,74.7,1,2
1595,1595,92.5,1,2
1596,1596,65.3,1,2
1597,1597,47.2,1,2
1598,1598,79.8,1,2
1599,1599,95.3,1,2
1600,1600,58.4,1,2
1601,1601,71.6,1,2
1602,1602,86.9,1,2
1603,1603,60.3,1,2
1604,1604,50.7,1,2
1605,1605,77.1,1,2
1606,1606,94.2,1,2
1607,1607,63.8,1,2
1608,1608,55.4,1,2
1609,1609,82.9,1,2
1610,1610,69.5,1,2
1611,1611,48.1,1,2
1612,1612,75.9,1,2
1613,1613,91.4,1,2
1614,1614,94.6,1,2
1615,1615,84.5,1,2
1616,1616,63.2,1,2
1617,1617,81.9,1,2
1618,1618,46.7,1,2
1619,1619,59.4,1,2
1620,1620,89.1,1,2
1621,1621,70.3,1,2
1622,1622,75.6,1,2
1623,1623,47.8,1,2
1624,1624,65.2,1,2
1625,1625,93.7,1,2
1626,1626,83.4,1,2
1627,1627,58.1,1,2
1628,1628,71.9,1,2
1629,1629,87.3,1,2
1630,1630,52.4,1,2
1631,1631,60.5,1,2
1632,1632,95.8,1,2
1633,1633,76.2,1,2
1634,1634,49.3,1,2
1635,1635,67.1,1,2
1636,1636,90.6,1,2
1637,1637,80.3,1,2
1638,1638,74.2,1,2
1639,1639,58.9,1,2
1640,1640,82.5,1,2
1641,1641,41.3,1,2
1642,1642,67.8,1,2
1643,1643,83.2,1,2
1644,1644,67.9,1,2
1645,1645,54.5,1,2
1646,1646,72.8,1,2
1647,1647,91.7,1,2
1648,1648,63.4,1,2
1649,1649,48.6,1,2
1650,1650,76.9,1,2
1651,1651,88.3,1,2
1652,1652,59.2,1,2
1653,1653,85.6,1,2
1654,1654,70.1,1,2
1655,1655,46.8,1,2
1656,1656,78.5,1,2
1657,1657,93.1,1,2
1658,1658,52.7,1,2
1659,1659,64.9,1,2
1660,1660,81.3,1,2
1661,1661,49.5,1,2
1662,1662,77.2,1,2
1663,1663,94.6,1,2
1664,1664,57.8,1,2
1665,1665,69.2,1,2
1666,1666,84.7,1,2
1667,1667,61.4,1,2
1668,1668,53.9,1,2
1669,1669,73.6,1,2
1670,1670,89.8,1,2
1671,1671,68.4,1,2
1672,1672,56.1,1,2
1673,1673,74.7,1,2
1674,1674,92.5,1,2
1675,1675,65.3,1,2
1676,1676,47.2,1,2
1677,1677,79.8,1,2
1678,1678,95.3,1,2
1679,1679,58.4,1,2
1680,1680,71.6,1,2
1681,1681,86.9,1,2
1682,1682,60.3,1,2
1683,1683,50.7,1,2
1684,1684,77.1,1,2
1685,1685,94.2,1,2
1686,1686,63.8,1,2
1687,1687,55.4,1,2
1688,1688,82.9,1,2
1689,1689,69.5,1,2
1690,1690,48.1,1,2
1691,1691,75.9,1,2
1692,1692,91.4,1,2
1693,1693,94.6,1,2
1694,1694,84.5,1,2
1695,1695,63.2,1,2
1696,1696,81.9,1,2
1697,1697,46.7,1,2
1698,1698,59.4,1,2
1699,1699,89.1,1,2
1700,1700,70.3,1,2
1701,1701,75.6,1,2
1702,1702,47.8,1,2
1703,1703,65.2,1,2
1704,1704,93.7,1,2
1705,1705,83.4,1,2
1706,1706,58.1,1,2
1707,1707,71.9,1,2
1708,1708,87.3,1,2
1709,1709,52.4,1,2
1710,1710,60.5,1,2
1711,1711,95.8,1,2
1712,1712,76.2,1,2
1713,1713,49.3,1,2
1714,1714,67.1,1,2
1715,1715,90.6,1,2
1716,1716,80.3,1,2
1717,1717,74.2,1,2
1718,1718,58.9,1,2
1719,1719,82.5,1,2
1720,1720,41.3,1,2
1721,1721,67.8,1,2
1722,1722,93.2,1,2
1723,1723,55.6,1,2
1724,1724,78.9,1,2
1725,1725,86.4,1,2
1726,1726,62.7,1,2
1727,1727,95.2,1,2
1728,1728,73.5,1,2
1729,1729,88.7,1,2
1730,1730,51.6,1,2
1731,1731,64.8,1,2
1732,1732,79.3,1,2
1733,1733,42.9,1,2
1734,1734,57.1,1,2
1735,1735,92.6,1,2
1736,1736,68.4,1,2
1737,1737,85.2,1,2
1738,1738,72.1,1,2
1739,1739,61.3,1,2
1740,1740,77.4,1,2
1741,1741,53.8,1,2
1742,1742,69.7,1,2
1743,1743,94.6,1,2
1744,1744,84.5,1,2
1745,1745,63.2,1,2
1746,1746,81.9,1,2
1747,1747,46.7,1,2
1748,1748,59.4,1,2
1749,1749,89.1,1,2
1750,1750,70.3,1,2
1751,1751,75.6,1,2
1752,1752,47.8,1,2
1753,1753,65.2,1,2
1754,1754,93.7,1,2
1755,1755,83.4,1,2
1756,1756,58.1,1,2
1757,1757,71.9,1,2
1758,1758,87.3,1,2
1759,1759,52.4,1,2
1760,1760,60.5,1,2
1761,1761,95.8,1,2
1762,1762,76.2,1,2
1763,1763,49.3,1,2
1764,1764,67.1,1,2
1765,1765,90.6,1,2
1766,1766,80.3,1,2
1767,1767,74.2,1,2
1768,1768,58.9,1,2
1769,1769,82.5,1,2
1770,1770,41.3,1,2
1771,1771,67.8,1,2
1772,1772,93.2,1,2
1773,1773,55.6,1,2
1774,1774,78.9,1,2
1775,1775,86.4,1,2
1776,1776,62.7,1,2
1777,1777,95.2,1,2
1778,1778,73.5,1,2
1779,1779,88.7,1,2
1780,1780,51.6,1,2
1781,1781,64.8,1,2
1782,1782,79.3,1,2
1783,1783,42.9,1,2
1784,1784,57.1,1,2
1785,1785,92.6,1,2
1786,1786,68.4,1,2
1787,1787,85.2,1,2
1788,1788,72.1,1,2
1789,1789,61.3,1,2
1790,1790,77.4,1,2
1791,1791,53.8,1,2
1792,1792,69.7,1,2
1793,1793,94.6,1,2
1794,1794,84.5,1,2
1795,1795,63.2,1,2
1796,1796,81.9,1,2
1797,1797,46.7,1,2
1798,1798,59.4,1,2
1799,1799,89.1,1,2
1800,1800,70.3,1,2
1801,1801,75.6,1,2
1802,1802,47.8,1,2
1803,1803,65.2,1,2
1804,1804,93.7,1,2
1805,1805,83.4,1,2
1806,1806,58.1,1,2
1807,1807,71.9,1,2
1808,1808,87.3,1,2
1809,1809,52.4,1,2
1810,1810,60.5,1,2
1811,1811,95.8,1,2
1812,1812,76.2,1,2
1813,1813,49.3,1,2
1814,1814,67.1,1,2
1815,1815,90.6,1,2
1816,1816,80.3,1,2
1817,1817,74.2,1,2
1818,1818,58.9,1,2
1819,1819,82.5,1,2
1820,1820,41.3,1,2
1821,1821,67.8,1,2
1822,1822,83.2,1,2
1823,1823,67.9,1,2
1824,1824,54.5,1,2
1825,1825,72.8,1,2
1826,1826,91.7,1,2
1827,1827,63.4,1,2
1828,1828,48.6,1,2
1829,1829,76.9,1,2
1830,1830,88.3,1,2
1831,1831,59.2,1,2
1832,1832,85.6,1,2
1833,1833,70.1,1,2
1834,1834,46.8,1,2
1835,1835,78.5,1,2
1836,1836,93.1,1,2
1837,1837,52.7,1,2
1838,1838,64.9,1,2
1839,1839,81.3,1,2
1840,1840,49.5,1,2
1841,1841,77.2,1,2
1842,1842,94.6,1,2
1843,1843,57.8,1,2
1844,1844,69.2,1,2
1845,1845,84.7,1,2
1846,1846,61.4,1,2
1847,1847,53.9,1,2
1848,1848,73.6,1,2
1849,1849,89.8,1,2
1850,1850,68.4,1,2
1851,1851,56.1,1,2
1852,1852,74.7,1,2
1853,1853,92.5,1,2
1854,1854,65.3,1,2
1855,1855,47.2,1,2
1856,1856,79.8,1,2
1857,1857,95.3,1,2
1858,1858,58.4,1,2
1859,1859,71.6,1,2
1860,1860,86.9,1,2
1861,1861,60.3,1,2
1862,1862,50.7,1,2
1863,1863,77.1,1,2
1864,1864,94.2,1,2
1865,1865,63.8,1,2
1866,1866,55.4,1,2
1867,1867,82.9,1,2
1868,1868,69.5,1,2
1869,1869,48.1,1,2
1870,1870,75.9,1,2
1871,1871,91.4,1,2
1872,1872,94.6,1,2
1873,1873,84.5,1,2
1874,1874,63.2,1,2
1875,1875,81.9,1,2
1876,1876,46.7,1,2
1877,1877,59.4,1,2
1878,1878,89.1,1,2
1879,1879,70.3,1,2
1880,1880,75.6,1,2
1881,1881,47.8,1,2
1882,1882,65.2,1,2
1883,1883,93.7,1,2
1884,1884,83.4,1,2
1885,1885,58.1,1,2
1886,1886,71.9,1,2
1887,1887,87.3,1,2
1888,1888,52.4,1,2
1889,1889,60.5,1,2
1890,1890,95.8,1,2
1891,1891,76.2,1,2
1892,1892,49.3,1,2
1893,1893,67.1,1,2
1894,1894,90.6,1,2
1895,1895,80.3,1,2
1896,1896,74.2,1,2
1897,1897,58.9,1,2
1898,1898,82.5,1,2
1899,1899,41.3,1,2
1900,1900,67.8,1,2
1901,1901,83.2,1,2
1902,1902,67.9,1,2
1903,1903,54.5,1,2
1904,1904,72.8,1,2
1905,1905,91.7,1,2
1906,1906,63.4,1,2
1907,1907,48.6,1,2
1908,1908,76.9,1,2
1909,1909,88.3,1,2
1910,1910,59.2,1,2
1911,1911,85.6,1,2
1912,1912,70.1,1,2
1913,1913,46.8,1,2
1914,1914,78.5,1,2
1915,1915,93.1,1,2
1916,1916,52.7,1,2
1917,1917,64.9,1,2
1918,1918,81.3,1,2
1919,1919,49.5,1,2
1920,1920,77.2,1,2
1921,1921,94.6,1,2
1922,1922,57.8,1,2
1923,1923,69.2,1,2
1924,1924,84.7,1,2
1925,1925,61.4,1,2
1926,1926,53.9,1,2
1927,1927,73.6,1,2
1928,1928,89.8,1,2
1929,1929,68.4,1,2
1930,1930,56.1,1,2
1931,1931,74.7,1,2
1932,1932,92.5,1,2
1933,1933,65.3,1,2
1934,1934,47.2,1,2
1935,1935,79.8,1,2
1936,1936,95.3,1,2
1937,1937,58.4,1,2
1938,1938,71.6,1,2
1939,1939,86.9,1,2
1940,1940,60.3,1,2
1941,1941,50.7,1,2
1942,1942,77.1,1,2
1943,1943,94.2,1,2
1944,1944,63.8,1,2
1945,1945,55.4,1,2
1946,1946,82.9,1,2
1947,1947,69.5,1,2
1948,1948,48.1,1,2
1949,1949,75.9,1,2
1950,1950,91.4,1,2
1951,1951,94.6,1,2
1952,1952,84.5,1,2
1953,1953,63.2,1,2
1954,1954,81.9,1,2
1955,1955,46.7,1,2
1956,1956,59.4,1,2
1957,1957,89.1,1,2
1958,1958,70.3,1,2
1959,1959,75.6,1,2
1960,1960,47.8,1,2
1961,1961,65.2,1,2
1962,1962,93.7,1,2
1963,1963,83.4,1,2
1964,1964,58.1,1,2
1965,1965,71.9,1,2
1966,1966,87.3,1,2
1967,1967,52.4,1,2
1968,1968,60.5,1,2
1969,1969,95.8,1,2
1970,1970,76.2,1,2
1971,1971,49.3,1,2
1972,1972,67.1,1,2
1973,1973,90.6,1,2
1974,1974,80.3,1,2
1975,1975,74.2,1,2
1976,1976,58.9,1,2
1977,1977,82.5,1,2
1978,1978,41.3,1,2
1979,1979,67.8,1,2
1980,1980,83.2,1,2
1981,1981,67.9,1,2
1982,1982,54.5,1,2
1983,1983,72.8,1,2
1984,1984,91.7,1,2
1985,1985,63.4,1,2
1986,1986,48.6,1,2
1987,1987,76.9,1,2
1988,1988,88.3,1,2
1989,1989,59.2,1,2
1990,1990,85.6,1,2
1991,1991,70.1,1,2
1992,1992,46.8,1,2
1993,1993,78.5,1,2
1994,1994,93.1,1,2
1995,1995,52.7,1,2
1996,1996,64.9,1,2
1997,1997,81.3,1,2
1998,1998,49.5,1,2
1999,1999,77.2,1,2
2000,2000,94.6,1,2
2001,2001,57.8,1,2
2002,2002,69.2,1,2
2003,2003,84.7,1,2
2004,2004,61.4,1,2
2005,2005,53.9,1,2
2006,2006,73.6,1,2
2007,2007,89.8,1,2
2008,2008,68.4,1,2
2009,2009,56.1,1,2
2010,2010,74.7,1,2
2011,2011,92.5,1,2
2012,2012,65.3,1,2
2013,2013,47.2,1,2
2014,2014,79.8,1,2
2015,2015,95.3,1,2
2016,2016,58.4,1,2
2017,2017,71.6,1,2
2018,2018,86.9,1,2
2019,2019,60.3,1,2
2020,2020,50.7,1,2
2021,2021,77.1,1,2
2022,2022,94.2,1,2
2023,2023,63.8,1,2
2024,2024,55.4,1,2
2025,2025,82.9,1,2
2026,2026,69.5,1,2
2027,2027,48.1,1,2
2028,2028,75.9,1,2
2029,2029,91.4,1,2
2030,2030,94.6,1,2
2031,2031,84.5,1,2
2032,2032,63.2,1,2
2033,2033,81.9,1,2
2034,2034,46.7,1,2
2035,2035,59.4,1,2
2036,2036,89.1,1,2
2037,2037,70.3,1,2
2038,2038,75.6,1,2
2039,2039,47.8,1,2
2040,2040,65.2,1,2
2041,2041,93.7,1,2
2042,2042,83.4,1,2
2043,2043,58.1,1,2
2044,2044,71.9,1,2
2045,2045,87.3,1,2
2046,2046,52.4,1,2
2047,2047,60.5,1,2
2048,2048,95.8,1,2
2049,2049,76.2,1,2
2050,2050,49.3,1,2
2051,2051,67.1,1,2
2052,2052,90.6,1,2
2053,2053,80.3,1,2
2054,2054,74.2,1,2
2055,2055,58.9,1,2
2056,2056,82.5,1,2
2057,2057,41.3,1,2
2058,2058,67.8,1,2
2059,2059,83.2,1,2
2060,2060,67.9,1,2
2061,2061,54.5,1,2
2062,2062,72.8,1,2
2063,2063,91.7,1,2
2064,2064,63.4,1,2
2065,2065,48.6,1,2
2066,2066,76.9,1,2
2067,2067,88.3,1,2
2068,2068,59.2,1,2
2069,2069,85.6,1,2
2070,2070,70.1,1,2
2071,2071,46.8,1,2
2072,2072,78.5,1,2
2073,2073,93.1,1,2
2074,2074,52.7,1,2
2075,2075,64.9,1,2
2076,2076,81.3,1,2
2077,2077,49.5,1,2
2078,2078,77.2,1,2
2079,2079,94.6,1,2
2080,2080,57.8,1,2
2081,2081,69.2,1,2
2082,2082,84.7,1,2
2083,2083,61.4,1,2
2084,2084,53.9,1,2
2085,2085,73.6,1,2
2086,2086,89.8,1,2
2087,2087,68.4,1,2
2088,2088,56.1,1,2
2089,2089,74.7,1,2
2090,2090,92.5,1,2
2091,2091,65.3,1,2
2092,2092,47.2,1,2
2093,2093,79.8,1,2
2094,2094,95.3,1,2
2095,2095,58.4,1,2
2096,2096,71.6,1,2
2097,2097,86.9,1,2
2098,2098,60.3,1,2
2099,2099,50.7,1,2
2100,2100,77.1,1,2
2101,2101,94.2,1,2
2102,2102,63.8,1,2
2103,2103,55.4,1,2
2104,2104,82.9,1,2
2105,2105,69.5,1,2
2106,2106,48.1,1,2
2107,2107,75.9,1,2
2108,2108,91.4,1,2
2109,2109,94.6,1,2
2110,2110,84.5,1,2
2111,2111,63.2,1,2
2112,2112,81.9,1,2
2113,2113,46.7,1,2
2114,2114,59.4,1,2
2115,2115,89.1,1,2
2116,2116,70.3,1,2
2117,2117,75.6,1,2
2118,2118,47.8,1,2
2119,2119,65.2,1,2
2120,2120,93.7,1,2
2121,2121,83.4,1,2
2122,2122,58.1,1,2
2123,2123,71.9,1,2
2124,2124,87.3,1,2
2125,2125,52.4,1,2
2126,2126,60.5,1,2
2127,2127,95.8,1,2
2128,2128,76.2,1,2
2129,2129,49.3,1,2
2130,2130,67.1,1,2
2131,2131,90.6,1,2
2132,2132,80.3,1,2
2133,2133,74.2,1,2
2134,2134,58.9,1,2
2135,2135,82.5,1,2
2136,2136,41.3,1,2
2137,2137,67.8,1,2
2138,2138,93.2,1,2
2139,2139,55.6,1,2
2140,2140,78.9,1,2
2141,2141,86.4,1,2
2142,2142,62.7,1,2
2143,2143,95.2,1,2
2144,2144,73.5,1,2
2145,2145,88.7,1,2
2146,2146,51.6,1,2
2147,2147,64.8,1,2
2148,2148,79.3,1,2
2149,2149,42.9,1,2
2150,2150,57.1,1,2
2151,2151,92.6,1,2
2152,2152,68.4,1,2
2153,2153,85.2,1,2
2154,2154,72.1,1,2
2155,2155,61.3,1,2
2156,2156,77.4,1,2
2157,2157,53.8,1,2
2158,2158,69.7,1,2
2159,2159,94.6,1,2
2160,2160,84.5,1,2
2161,2161,63.2,1,2
2162,2162,81.9,1,2
2163,2163,46.7,1,2
2164,2164,59.4,1,2
2165,2165,89.1,1,2
2166,2166,70.3,1,2
2167,2167,75.6,1,2
2168,2168,47.8,1,2
2169,2169,65.2,1,2
2170,2170,93.7,1,2
2171,2171,83.4,1,2
2172,2172,58.1,1,2
2173,2173,71.9,1,2
2174,2174,87.3,1,2
2175,2175,52.4,1,2
2176,2176,60.5,1,2
2177,2177,95.8,1,2
2178,2178,76.2,1,2
2179,2179,49.3,1,2
2180,2180,67.1,1,2
2181,2181,90.6,1,2
2182,2182,80.3,1,2
2183,2183,74.2,1,2
2184,2184,58.9,1,2
2185,2185,82.5,1,2
2186,2186,41.3,1,2
2187,2187,67.8,1,2
2188,2188,93.2,1,2
2189,2189,55.6,1,2
2190,2190,78.9,1,2
2191,2191,86.4,1,2
2192,2192,62.7,1,2
2193,2193,95.2,1,2
2194,2194,73.5,1,2
2195,2195,88.7,1,2
2196,2196,51.6,1,2
2197,2197,64.8,1,2
2198,2198,79.3,1,2
2199,2199,42.9,1,2
2200,2200,57.1,1,2
2201,2201,92.6,1,2
2202,2202,68.4,1,2
2203,2203,85.2,1,2
2204,2204,72.1,1,2
2205,2205,61.3,1,2
2206,2206,77.4,1,2
2207,2207,53.8,1,2
2208,2208,69.7,1,2
2209,2209,94.6,1,2
2210,2210,84.5,1,2
2211,2211,63.2,1,2
2212,2212,81.9,1,2
2213,2213,46.7,1,2
2214,2214,59.4,1,2
2215,2215,89.1,1,2
2216,2216,70.3,1,2
2217,2217,75.6,1,2
2218,2218,47.8,1,2
2219,2219,65.2,1,2
2220,2220,93.7,1,2
2221,2221,83.4,1,2
2222,2222,58.1,1,2
2223,2223,71.9,1,2
2224,2224,87.3,1,2
2225,2225,52.4,1,2
2226,2226,60.5,1,2
2227,2227,95.8,1,2
2228,2228,76.2,1,2
2229,2229,49.3,1,2
2230,2230,67.1,1,2
2231,2231,90.6,1,2
2232,2232,80.3,1,2
2233,2233,74.2,1,2
2234,2234,58.9,1,2
2235,2235,82.5,1,2
2236,2236,41.3,1,2
2237,2237,67.8,1,2
2238,2238,83.2,1,2
2239,2239,67.9,1,2
2240,2240,54.5,1,2
2241,2241,72.8,1,2
2242,2242,91.7,1,2
2243,2243,63.4,1,2
2244,2244,48.6,1,2
2245,2245,76.9,1,2
2246,2246,88.3,1,2
2247,2247,59.2,1,2
2248,2248,85.6,1,2
2249,2249,70.1,1,2
2250,2250,46.8,1,2
2251,2251,78.5,1,2
2252,2252,93.1,1,2
2253,2253,52.7,1,2
2254,2254,64.9,1,2
2255,2255,81.3,1,2
2256,2256,49.5,1,2
2257,2257,77.2,1,2
2258,2258,94.6,1,2
2259,2259,57.8,1,2
2260,2260,69.2,1,2
2261,2261,84.7,1,2
2262,2262,61.4,1,2
2263,2263,53.9,1,2
2264,2264,73.6,1,2
2265,2265,89.8,1,2
2266,2266,68.4,1,2
2267,2267,56.1,1,2
2268,2268,74.7,1,2
2269,2269,92.5,1,2
2270,2270,65.3,1,2
2271,2271,47.2,1,2
2272,2272,79.8,1,2
2273,2273,95.3,1,2
2274,2274,58.4,1,2
2275,2275,71.6,1,2
2276,2276,86.9,1,2
2277,2277,60.3,1,2
2278,2278,50.7,1,2
2279,2279,77.1,1,2
2280,2280,94.2,1,2
2281,2281,63.8,1,2
2282,2282,55.4,1,2
2283,2283,82.9,1,2
2284,2284,69.5,1,2
2285,2285,48.1,1,2
2286,2286,75.9,1,2
2287,2287,91.4,1,2
2288,2288,94.6,1,2
2289,2289,84.5,1,2
2290,2290,63.2,1,2
2291,2291,81.9,1,2
2292,2292,46.7,1,2
2293,2293,59.4,1,2
2294,2294,89.1,1,2
2295,2295,70.3,1,2
2296,2296,75.6,1,2
2297,2297,47.8,1,2
2298,2298,65.2,1,2
2299,2299,93.7,1,2
2300,2300,83.4,1,2
2301,2301,58.1,1,2
2302,2302,71.9,1,2
2303,2303,87.3,1,2
2304,2304,52.4,1,2
2305,2305,60.5,1,2
2306,2306,95.8,1,2
2307,2307,76.2,1,2
2308,2308,49.3,1,2
2309,2309,67.1,1,2
2310,2310,90.6,1,2
2311,2311,80.3,1,2
2312,2312,74.2,1,2
2313,2313,58.9,1,2
2314,2314,82.5,1,2
2315,2315,41.3,1,2
2316,2316,67.8,1,2
2317,2317,83.2,1,2
2318,2318,67.9,1,2
2319,2319,54.5,1,2
2320,2320,72.8,1,2
2321,2321,91.7,1,2
2322,2322,63.4,1,2
2323,2323,48.6,1,2
2324,2324,76.9,1,2
2325,2325,88.3,1,2
2326,2326,59.2,1,2
2327,2327,85.6,1,2
2328,2328,70.1,1,2
2329,2329,46.8,1,2
2330,2330,78.5,1,2
2331,2331,93.1,1,2
2332,2332,52.7,1,2
2333,2333,64.9,1,2
2334,2334,81.3,1,2
2335,2335,49.5,1,2
2336,2336,77.2,1,2
2337,2337,94.6,1,2
2338,2338,57.8,1,2
2339,2339,69.2,1,2
2340,2340,84.7,1,2
2341,2341,61.4,1,2
2342,2342,53.9,1,2
2343,2343,73.6,1,2
2344,2344,89.8,1,2
2345,2345,68.4,1,2
2346,2346,56.1,1,2
2347,2347,74.7,1,2
2348,2348,92.5,1,2
2349,2349,65.3,1,2
2350,2350,47.2,1,2
2351,2351,79.8,1,2
2352,2352,95.3,1,2
2353,2353,58.4,1,2
2354,2354,71.6,1,2
2355,2355,86.9,1,2
2356,2356,60.3,1,2
2357,2357,50.7,1,2
2358,2358,77.1,1,2
2359,2359,94.2,1,2
2360,2360,63.8,1,2
2361,2361,55.4,1,2
2362,2362,82.9,1,2
2363,2363,69.5,1,2
2364,2364,48.1,1,2
2365,2365,75.9,1,2
2366,2366,91.4,1,2
2367,2367,94.6,1,2
2368,2368,84.5,1,2
2369,2369,63.2,1,2
2370,2370,81.9,1,2
2371,2371,46.7,1,2
2372,2372,59.4,1,2
2373,2373,89.1,1,2
2374,2374,70.3,1,2
2375,2375,75.6,1,2
2376,2376,47.8,1,2
2377,2377,65.2,1,2
2378,2378,93.7,1,2
2379,2379,83.4,1,2
2380,2380,58.1,1,2
2381,2381,71.9,1,2
2382,2382,87.3,1,2
2383,2383,52.4,1,2
2384,2384,60.5,1,2
2385,2385,95.8,1,2
2386,2386,76.2,1,2
2387,2387,49.3,1,2
2388,2388,67.1,1,2
2389,2389,90.6,1,2
2390,2390,80.3,1,2
2391,2391,74.2,1,2
2392,2392,58.9,1,2
2393,2393,82.5,1,2
2394,2394,41.3,1,2
2395,2395,67.8,1,2
2396,2396,83.2,1,2
2397,2397,67.9,1,2
2398,2398,54.5,1,2
2399,2399,72.8,1,2
2400,2400,91.7,1,2
2401,2401,63.4,1,2
2402,2402,48.6,1,2
2403,2403,76.9,1,2
2404,2404,88.3,1,2
2405,2405,59.2,1,2
2406,2406,85.6,1,2
2407,2407,70.1,1,2
2408,2408,46.8,1,2
2409,2409,78.5,1,2
2410,2410,93.1,1,2
2411,2411,52.7,1,2
2412,2412,64.9,1,2
2413,2413,81.3,1,2
2414,2414,49.5,1,2
2415,2415,77.2,1,2
2416,2416,94.6,1,2
2417,2417,57.8,1,2
2418,2418,69.2,1,2
2419,2419,84.7,1,2
2420,2420,61.4,1,2
2421,2421,53.9,1,2
2422,2422,73.6,1,2
2423,2423,89.8,1,2
2424,2424,68.4,1,2
2425,2425,56.1,1,2
2426,2426,74.7,1,2
2427,2427,92.5,1,2
2428,2428,65.3,1,2
2429,2429,47.2,1,2
2430,2430,79.8,1,2
2431,2431,95.3,1,2
2432,2432,58.4,1,2
2433,2433,71.6,1,2
2434,2434,86.9,1,2
2435,2435,60.3,1,2
2436,2436,50.7,1,2
2437,2437,77.1,1,2
2438,2438,94.2,1,2
2439,2439,63.8,1,2
2440,2440,55.4,1,2
2441,2441,82.9,1,2
2442,2442,69.5,1,2
2443,2443,48.1,1,2
2444,2444,75.9,1,2
2445,2445,91.4,1,2
2446,2446,94.6,1,2
2447,2447,84.5,1,2
2448,2448,63.2,1,2
2449,2449,81.9,1,2
2450,2450,46.7,1,2
2451,2451,59.4,1,2
2452,2452,89.1,1,2
2453,2453,70.3,1,2
2454,2454,75.6,1,2
2455,2455,47.8,1,2
2456,2456,65.2,1,2
2457,2457,93.7,1,2
2458,2458,83.4,1,2
2459,2459,58.1,1,2
2460,2460,71.9,1,2
2461,2461,87.3,1,2
2462,2462,52.4,1,2
2463,2463,60.5,1,2
2464,2464,95.8,1,2
2465,2465,76.2,1,2
2466,2466,49.3,1,2
2467,2467,67.1,1,2
2468,2468,90.6,1,2
2469,2469,80.3,1,2
2470,2470,74.2,1,2
2471,2471,58.9,1,2
2472,2472,82.5,1,2
2473,2473,41.3,1,2
2474,2474,67.8,1,2
2475,2475,83.2,1,2
2476,2476,67.9,1,2
2477,2477,54.5,1,2
2478,2478,72.8,1,2
2479,2479,91.7,1,2
2480,2480,63.4,1,2
2481,2481,48.6,1,2
2482,2482,76.9,1,2
2483,2483,88.3,1,2
2484,2484,59.2,1,2
2485,2485,85.6,1,2
2486,2486,70.1,1,2
2487,2487,46.8,1,2
2488,2488,78.5,1,2
2489,2489,93.1,1,2
2490,2490,52.7,1,2
2491,2491,64.9,1,2
2492,2492,81.3,1,2
2493,2493,49.5,1,2
2494,2494,77.2,1,2
2495,2495,94.6,1,2
2496,2496,57.8,1,2
2497,2497,69.2,1,2
2498,2498,84.7,1,2
2499,2499,61.4,1,2
2500,2500,53.9,1,2
2501,2501,73.6,1,2
2502,2502,89.8,1,2
2503,2503,68.4,1,2
2504,2504,56.1,1,2
2505,2505,74.7,1,2
2506,2506,92.5,1,2
2507,2507,65.3,1,2
2508,2508,47.2,1,2
2509,2509,79.8,1,2
2510,2510,95.3,1,2
2511,2511,58.4,1,2
2512,2512,71.6,1,2
2513,2513,86.9,1,2
2514,2514,60.3,1,2
2515,2515,50.7,1,2
2516,2516,77.1,1,2
2517,2517,94.2,1,2
2518,2518,63.8,1,2
2519,2519,55.4,1,2
2520,2520,82.9,1,2
2521,2521,69.5,1,2
2522,2522,48.1,1,2
2523,2523,75.9,1,2
2524,2524,91.4,1,2
2525,2525,94.6,1,2
2526,2526,84.5,1,2
2527,2527,63.2,1,2
2528,2528,81.9,1,2
2529,2529,46.7,1,2
2530,2530,59.4,1,2
2531,2531,89.1,1,2
2532,2532,70.3,1,2
2533,2533,75.6,1,2
2534,2534,47.8,1,2
2535,2535,65.2,1,2
2536,2536,93.7,1,2
2537,2537,83.4,1,2
2538,2538,58.1,1,2
2539,2539,71.9,1,2
2540,2540,87.3,1,2
2541,2541,52.4,1,2
2542,2542,60.5,1,2
2543,2543,95.8,1,2
2544,2544,76.2,1,2
2545,2545,49.3,1,2
2546,2546,67.1,1,2
2547,2547,90.6,1,2
2548,2548,80.3,1,2
2549,2549,74.2,1,2
2550,2550,58.9,1,2
2551,2551,82.5,1,2
